[
    {
        "pname": "Product3",
        "pprice": 1500,
        "pcategory": "headphones"
    },
    {
        "pname": "Product4",
        "pprice": 2000,
        "pcategory": "headphones"
    },
    {
        "pname": "Product5",
        "pprice": 3500,
        "pcategory": "headphones"
      },
      {
        "pname": "Product6",
        "pprice": 1800,
        "pcategory": "headphones"
      },
      {
        "pname": "Product7",
        "pprice": 2800,
        "pcategory": "headphones"
      },
      {
        "pname": "Product8",
        "pprice": 3200,
        "pcategory": "headphones"
      },
      {
        "pname": "Product9",
        "pprice": 2700,
        "pcategory": "headphones"
      },
      {
        "pname": "Product10",
        "pprice": 2200,
        "pcategory": "headphones"
      }
]